MBEP-RT-GEN-10; 
MBEP-RT-FUN-10; 
MBEP-RT-FUN-20; 
MBEP-RT-FUN-30; 
MBEP-RT-FUN-40; 
MBEP-RT-FUN-50; 
MBEP-RT-FUN-60; 
MBEP-RT-FUN-70; 
MBEP-RT-FUN-80; 
MBEP-RT-FUN-90; 
MBEP-RT-FUN-100; 
MBEP-RT-FUN-101;
MBEP-RT-FUN-110; 
MBEP-RT-FUN-111;
MBEP-RT-FUN-120; 
MBEP-RT-FUN-130; 
MBEP-RT-FUN-140; 
MBEP-RT-FUN-150; 
MBEP-RT-FUN-160; 
MBEP-RT-FUN-170; 
MBEP-RT-FUN-180; 
MBEP-RT-FUN-190; 
MBEP-RT-FUN-200; 
MBEP-RT-FUN-210; 
MBEP-RT-FUN-211;
MBEP-RT-FUN-220; 
MBEP-RT-FUN-221;
MBEP-RT-FUN-230; 
MBEP-RT-FUN-231;
MBEP-RT-FUN-240; 
MBEP-RT-FUN-250; 
MBEP-RT-FUN-310; 
MBEP-RT-FUN-320; 
MBEP-RT-FUN-330; 
MBEP-RT-FUN-331;
MBEP-RT-FUN-340; 
MBEP-RT-FUN-350; 
MBEP-RT-FUN-360; 
MBEP-RT-FUN-370; 
MBEP-RT-FUN-410; 
MBEP-RT-FUN-420; 
MBEP-RT-FUN-430; 
MBEP-RT-FUN-440; 
MBEP-RT-FUN-450; 
MBEP-RT-FUN-510; 
MBEP-RT-FUN-520; 
MBEP-RT-FUN-610; 
MBEP-RT-FUN-620; 
MBEP-RT-FUN-630; 
MBEP-RT-FUN-640; 
MBEP-RT-FUN-650; 
MBEP-RT-FUN-660; 
MBEP-RT-FUN-670; 
MBEP-RT-FUN-680; 
MBEP-RT-FUN-710; 
MBEP-RT-FUN-720; 
MBEP-RT-PER-10; 
MBEP-RT-PER-20; 
MBEP-RT-PER-30; 
MBEP-RT-PER-40; 
MBEP-RT-IF-10; samv71-rtems-serial
MBEP-RT-IF-20; 
MBEP-RT-IF-30; 
MBEP-RT-IF-40; 
MBEP-RT-IF-50; 
MBEP-RT-IF-110; 
MBEP-RT-IF-120; 
MBEP-RT-IF-210; 
MBEP-RT-IF-220; 
MBEP-RT-IF-310; 
MBEP-RT-IF-320; 
MBEP-RT-IF-330; 
MBEP-RT-OPER-10; 
MBEP-RT-OPER-20; 
MBEP-RT-RES-10; 
MBEP-RT-RES-20; 
MBEP-RT-RES-30; 
MBEP-RT-RES-40; 
MBEP-RT-RES-50; 
MBEP-RT-RES-60; 
MBEP-RT-RES-70; 
MBEP-RT-RES-80; 
MBEP-RT-RES-90; 
MBEP-RT-RES-110; 
MBEP-RT-RES-210; 
MBEP-RT-RES-220; 
MBEP-RT-RES-310; 
MBEP-RT-DES-10; 
MBEP-RT-DES-20; 
MBEP-RT-DES-30; 
MBEP-RT-DES-40; 
MBEP-RT-DES-50; 
MBEP-RT-DES-60; 
MBEP-RT-DES-70; 
MBEP-RT-DES-80; 
MBEP-RT-Q-10; 
MBEP-RT-Q-20; 
MBEP-RT-Q-30; 
MBEP-RT-Q-40; 
MBEP-RT-INST-10;